{
    "metrics": {
        "iteration_duration": {
            "avg": 106.11034001538624,
            "med": 105.3061,
            "p(90)": 109.7364,
            "p(95)": 111.53201,
            "p(99)": 116.7025,
            "max": 257.3547,
            "min": 100.5443
        },
        "vus": {
            "value": 100,
            "min": 100,
            "max": 100
        },
        "iterations": {
            "count": 113139,
            "rate": 942.0633990507243
        },
        "http_req_duration{expected_response:true}": {
            "min": 0.5033,
            "avg": 5.232184672835902,
            "med": 4.4992,
            "p(90)": 8.5015,
            "p(95)": 10.033169999999993,
            "p(99)": 14.9584,
            "max": 141.7427
        },
        "http_req_duration{name:post/feed}": {
            "p(90)": 8.5015,
            "p(95)": 10.033169999999993,
            "p(99)": 14.9584,
            "max": 141.7427,
            "min": 0.5033,
            "avg": 5.232184672835902,
            "med": 4.4992,
            "thresholds": {
                "p(95)<1000": false
            }
        },
        "checks": {
            "passes": 226278,
            "fails": 0,
            "value": 1
        },
        "vus_max": {
            "max": 100,
            "value": 100,
            "min": 100
        },
        "http_req_sending": {
            "avg": 0.011399546575451381,
            "med": 0,
            "p(90)": 0,
            "p(95)": 0,
            "p(99)": 0.511,
            "max": 5.7002,
            "min": 0
        },
        "http_req_failed": {
            "passes": 0,
            "fails": 113139,
            "value": 0
        },
        "data_sent": {
            "count": 37301908,
            "rate": 310598.1336370076
        },
        "http_req_blocked": {
            "p(95)": 0,
            "p(99)": 0,
            "max": 15.1439,
            "min": 0,
            "avg": 0.013906986096748255,
            "med": 0,
            "p(90)": 0
        },
        "http_req_waiting": {
            "min": 0.5033,
            "avg": 5.155799227498718,
            "med": 4.4309,
            "p(90)": 8.38922,
            "p(95)": 9.9327,
            "p(99)": 14.8506,
            "max": 141.7427
        },
        "http_req_connecting": {
            "min": 0,
            "avg": 0.001086052554821946,
            "med": 0,
            "p(90)": 0,
            "p(95)": 0,
            "p(99)": 0,
            "max": 4.4962
        },
        "http_reqs": {
            "count": 113139,
            "rate": 942.0633990507243
        },
        "http_req_receiving": {
            "p(90)": 0.18877999999999884,
            "p(95)": 0.5122,
            "p(99)": 1.0046959999999963,
            "max": 9.63,
            "min": 0,
            "avg": 0.06498589876170012,
            "med": 0
        },
        "data_received": {
            "rate": 3098032.9538205075,
            "count": 372064503
        },
        "http_req_tls_handshaking": {
            "max": 0,
            "min": 0,
            "avg": 0,
            "med": 0,
            "p(90)": 0,
            "p(95)": 0,
            "p(99)": 0
        },
        "http_req_duration": {
            "min": 0.5033,
            "avg": 5.232184672835902,
            "med": 4.4992,
            "p(90)": 8.5015,
            "p(95)": 10.033169999999993,
            "p(99)": 14.9584,
            "max": 141.7427
        }
    },
    "root_group": {
        "groups": {},
        "checks": {
                "feed 200": {
                    "name": "feed 200",
                    "path": "::feed 200",
                    "id": "2a3c2c61b723f5457936f17befabce0e",
                    "passes": 113139,
                    "fails": 0
                },
                "feed has 30-40 posts": {
                    "path": "::feed has 30-40 posts",
                    "id": "6a41301363d7924d2e70e4f67abf3947",
                    "passes": 113139,
                    "fails": 0,
                    "name": "feed has 30-40 posts"
                }
            },
        "name": "",
        "path": "",
        "id": "d41d8cd98f00b204e9800998ecf8427e"
    }
}