{
    "metrics": {
        "vus": {
            "max": 100,
            "value": 100,
            "min": 100
        },
        "http_req_receiving": {
            "p(95)": 0.5301,
            "p(99)": 1.0083899999999995,
            "max": 9.5579,
            "min": 0,
            "avg": 0.08129998960361437,
            "med": 0,
            "p(90)": 0.5063
        },
        "http_req_tls_handshaking": {
            "min": 0,
            "avg": 0,
            "med": 0,
            "p(90)": 0,
            "p(95)": 0,
            "p(99)": 0,
            "max": 0
        },
        "http_req_failed": {
            "fails": 96779,
            "passes": 9027,
            "value": 0.0853165226924749
        },
        "http_req_connecting": {
            "p(99)": 0,
            "max": 4.3072,
            "min": 0,
            "avg": 0.001308465493450276,
            "med": 0,
            "p(90)": 0,
            "p(95)": 0
        },
        "http_req_blocked": {
            "max": 14.4129,
            "min": 0,
            "avg": 0.0158502977146854,
            "med": 0,
            "p(90)": 0,
            "p(95)": 0,
            "p(99)": 0.07938499999999912
        },
        "http_reqs": {
            "rate": 881.0510252749796,
            "count": 105806
        },
        "http_req_waiting": {
            "min": 0.5124,
            "avg": 12.398100741924253,
            "med": 5.3627,
            "p(90)": 10.8869,
            "p(95)": 13.543125,
            "p(99)": 22.0474,
            "max": 5909.4849
        },
        "data_sent": {
            "count": 34884207,
            "rate": 290482.2632294446
        },
        "http_req_duration{name:post/feed}": {
            "avg": 12.493957403172196,
            "med": 5.4473,
            "p(90)": 11.010950000000001,
            "p(95)": 13.6802,
            "p(99)": 22.237479999999938,
            "max": 5909.4849,
            "min": 0.5124,
            "thresholds": {
                "p(95)<1000": false
            }
        },
        "iteration_duration": {
            "p(95)": 115.502,
            "p(99)": 124.56108999999985,
            "max": 6024.4485,
            "min": 100.9333,
            "avg": 113.45915782375138,
            "med": 106.2773,
            "p(90)": 112.5454
        },
        "checks": {
            "fails": 18054,
            "passes": 193558,
            "value": 0.9146834773075251
        },
        "http_req_duration": {
            "p(95)": 13.6802,
            "p(99)": 22.237479999999938,
            "max": 5909.4849,
            "min": 0.5124,
            "avg": 12.493957403172196,
            "med": 5.4473,
            "p(90)": 11.010950000000001
        },
        "iterations": {
            "count": 105806,
            "rate": 881.0510252749796
        },
        "vus_max": {
            "value": 100,
            "min": 100,
            "max": 100
        },
        "http_req_duration{expected_response:true}": {
            "p(90)": 10.525759999999995,
            "p(95)": 12.777,
            "p(99)": 17.9388,
            "max": 469.6604,
            "min": 0.5488,
            "avg": 6.735025612994637,
            "med": 5.4207
        },
        "http_req_sending": {
            "min": 0,
            "avg": 0.014556671644330216,
            "med": 0,
            "p(90)": 0,
            "p(95)": 0,
            "p(99)": 0.5195949999999997,
            "max": 8.6121
        },
        "data_received": {
            "count": 319263760,
            "rate": 2658522.797205688
        }
    },
    "root_group": {
        "name": "",
        "path": "",
        "id": "d41d8cd98f00b204e9800998ecf8427e",
        "groups": {},
        "checks": {
                "feed 200": {
                    "id": "2a3c2c61b723f5457936f17befabce0e",
                    "passes": 96779,
                    "fails": 9027,
                    "name": "feed 200",
                    "path": "::feed 200"
                },
                "feed has 30-40 posts": {
                    "name": "feed has 30-40 posts",
                    "path": "::feed has 30-40 posts",
                    "id": "6a41301363d7924d2e70e4f67abf3947",
                    "passes": 96779,
                    "fails": 9027
                }
            }
    }
}